,0_RfR 0,0_RfR 1,0_RfR 2,1_RfR 0,1_RfR 1,1_RfR 2,2_RfR 0,2_RfR 1,2_RfR 2,3_RfR 0,3_RfR 1,3_RfR 2,4_RfR 0,4_RfR 1,4_RfR 2,EWS_DaysToThreat,A.1_DikeIncrease 0,A.1_DikeIncrease 1,A.1_DikeIncrease 2,A.2_DikeIncrease 0,A.2_DikeIncrease 1,A.2_DikeIncrease 2,A.3_DikeIncrease 0,A.3_DikeIncrease 1,A.3_DikeIncrease 2,A.4_DikeIncrease 0,A.4_DikeIncrease 1,A.4_DikeIncrease 2,A.5_DikeIncrease 0,A.5_DikeIncrease 1,A.5_DikeIncrease 2,Expected Annual Damage,Dike Investment Costs,RfR Investment Costs,Evacuation Costs,Expected Number of Deaths,Total Investment Costs,RfR_agg
118,0,0,0,0,0,0,0,0,1,0,0,0,0,0,0,3,2,0,0,4,0,0,7,0,0,6,7,0,7,0,0,0.0,199062424.00321025,30700000.0,0.0,0.0,229762424.00321025,1
0,0,0,0,0,0,0,1,1,0,0,0,0,0,0,0,3,2,0,0,3,0,0,2,0,0,4,0,0,5,0,0,0.0,153637592.2014655,61400000.0,0.0,0.0,215037592.2014655,2
24,0,0,1,0,0,0,0,0,0,0,0,0,0,0,0,2,0,0,0,4,0,0,5,0,0,5,0,0,5,0,0,0.0,129902418.2573688,84600000.0,0.0,0.0,214502418.2573688,1
50,0,0,1,0,0,0,0,0,1,0,0,0,0,0,0,3,0,0,0,3,0,0,3,0,0,3,0,0,4,0,0,0.0,113871256.26826663,115300000.0,0.0,0.0,229171256.26826665,2
86,0,0,1,0,0,0,0,0,1,0,1,0,0,0,0,3,0,0,0,3,0,0,2,0,0,3,0,0,3,0,0,0.0,108815451.5008919,236500000.0,0.0,0.0,345315451.5008919,3
174,0,0,1,0,0,0,1,1,1,1,0,0,0,0,0,2,0,0,0,3,0,0,0,0,0,3,0,0,3,0,0,0.0,86647633.30208814,297900000.0,0.0,0.0,384547633.30208814,5
